{
    "Quaternions_reset": [
        0.716923713684082,
        -0.001990292454138398,
        0.6971261501312256,
        0.0056119817309081554
    ],
    "endeffPose_reset": [
        0.37118175625801086,
        0.09424909204244614,
        0.15907873213291168
    ],
    "endeffPose_goal": [
        0.6705524325370789,
        -0.10787934064865112,
        0.12730291485786438
    ],
    "jointAngles_reset": [
        -0.049967773258686066,
        -0.4758974611759186,
        -0.23291601240634918,
        2.5069336891174316,
        -0.16484960913658142,
        -2.0293993949890137,
        -1.2640928030014038
    ],
    "jointAngles_goal": [
        -0.053254883736371994,
        -0.2719775438308716,
        -0.6462880969047546,
        1.5005507469177246,
        -0.24012011289596558,
        -1.3042949438095093,
        -0.6566455364227295
    ],
    "Quaternions_goal": [
        0.7212110161781311,
        -0.011692206375300884,
        0.6924129128456116,
        -0.016801947727799416
    ]
}