{
    "Quaternions_reset": [
        -0.029266880825161934,
        0.9979050159454346,
        0.04162764176726341,
        0.03995276987552643
    ],
    "endeffPose_reset": [
        0.5144883394241333,
        -0.21742118895053864,
        0.18068712949752808
    ],
    "endeffPose_goal": [
        0.5144883394241333,
        -0.21742118895053864,
        0.18068712949752808
    ],
    "jointAngles_reset": [
        -0.14419139921665192,
        -0.6124228239059448,
        -0.6540507674217224,
        1.9530595541000366,
        1.1789541244506836,
        0.7005810737609863,
        0.07023828476667404
    ],
    "jointAngles_goal": [
        -0.14419139921665192,
        -0.6124228239059448,
        -0.6540507674217224,
        1.9530595541000366,
        1.1789541244506836,
        0.7005810737609863,
        0.07023828476667404
    ],
    "Quaternions_goal": [
        -0.029266880825161934,
        0.9979050159454346,
        0.04162764176726341,
        0.03995276987552643
    ]
}