{
    "Quaternions_reset": [
        0.716923713684082,
        -0.001990292454138398,
        0.6971261501312256,
        0.0056119817309081554
    ],
    "endeffPose_reset": [
        0.37118175625801086,
        0.09424909204244614,
        0.15907873213291168
    ],
    "endeffPose_goal": [
        0.5544413328170776,
        -0.019940821453928947,
        0.22706268727779388
    ],
    "jointAngles_reset": [
        -0.049967773258686066,
        -0.4758974611759186,
        -0.23291601240634918,
        2.5069336891174316,
        -0.16484960913658142,
        -2.0293993949890137,
        -1.2640928030014038
    ],
    "jointAngles_goal": [
        0.35081541538238525,
        -0.19699512422084808,
        -1.0823895931243896,
        1.8773876428604126,
        0.03446875140070915,
        -1.4973134994506836,
        -3.550478458404541
    ],
    "Quaternions_goal": [
        -0.02008432149887085,
        0.6960591077804565,
        -0.02448263019323349,
        0.7172858119010925
    ]
}