{
    "Quaternions_reset": [
        -0.021607493981719017,
        0.9997339844703674,
        0.008006926625967026,
        -0.000995319802314043
    ],
    "endeffPose_reset": [
        0.5864959359169006,
        -0.19323225319385529,
        0.1993287205696106
    ],
    "endeffPose_goal": [
        0.5864959359169006,
        -0.19323225319385529,
        0.1993287205696106
    ],
    "jointAngles_reset": [
        0.015334961004555225,
        -0.3697910010814667,
        -0.8941728472709656,
        1.6996816396713257,
        1.2067255973815918,
        0.9113642573356628,
        0.27741992473602295
    ],
    "jointAngles_goal": [
        0.015334961004555225,
        -0.3697910010814667,
        -0.8941728472709656,
        1.6996816396713257,
        1.2067255973815918,
        0.9113642573356628,
        0.27741992473602295
    ],
    "Quaternions_goal": [
        -0.021607493981719017,
        0.9997339844703674,
        0.008006926625967026,
        -0.000995319802314043
    ]
}